Algorithm,Min,Max,Mean,S.D.,25%,75%
Balanced_Acc_DT,0.43478260869565216,1.0,0.6693931593533848,0.14826299941920898,0.5688447416388593,0.7265491452991454
Balanced_Acc_RF,0.44565217391304346,1.0,0.6541346429852053,0.1497738057729509,0.5188054388422035,0.7274715320910973
Balanced_Acc_SVM,0.4827586206896552,0.8203441295546559,0.526891539945165,0.05866896886450058,0.5,0.519271286964456
Balanced_Acc_NB,0.28160919540229884,1.0,0.6332914539534792,0.11870914443022655,0.556249574856141,0.7026945176762114
Balanced_Acc_MLP,0.38839285714285715,1.0,0.6112378102382653,0.12106016670401679,0.5,0.6939170923219041
