type,names,scores
DT,Class Overlap,0.10687327006420352
DT,Irrelevant Features,0.0840090772884527
DT,Class Imbalance,0.07313089992865511
DT,Noise,0.02831599004581614
DT,Outlier,0.018949010206493876
