type,names,scores
MLP,Class Imbalance,0.05377899101992476
MLP,Class Overlap,0.04939961543636283
MLP,Noise,0.02113727192543415
MLP,Outlier,0.018835983020835622
MLP,Irrelevant Features,0.017683173365107933
