type,names,scores
NB,Noise,0.019905340341486878
NB,Class Overlap,0.006722911358227566
NB,Class Imbalance,0.00653380284061981
NB,Outlier,0.005291467490403676
NB,Irrelevant Features,0.005058815901687132
