type,names,scores
RF,Class Overlap,0.10528772356745249
RF,Class Imbalance,0.09887925377724806
RF,Irrelevant Features,0.0729342117493311
RF,Noise,0.023748964126366977
RF,Outlier,0.021749261585266515
