type,names,scores
SVM,Class Overlap,0.009815924658563598
SVM,Noise,0.007979833297108616
SVM,Irrelevant Features,0.007881985486064896
SVM,Class Imbalance,0.007256142230967061
SVM,Outlier,0.002776942510229333
